CountyCode,CountyName,DistrictCode,DistrictName,TeacherCount_District,TeacherCount_State,TeacherAvgYearsExp_District,TeacherAvgYearsExp_State,TeacherAvgYearsExpInDistrict_District,TeacherAvgYearsExpInDistrict_State,TeacherInDistrict4YearsOrMore_District,TeacherInDistrict4YearsOrMore_State,Year
01,ATLANTIC,0010,ABSECON CITY,68,117464,15.4,12.0,14.7,10.7,92.3,75.5,2017-18
01,ATLANTIC,0110,ATLANTIC CITY,642,117464,13.1,12.0,12.9,10.7,87.1,75.5,2017-18
01,ATLANTIC,0120,ATLANTIC CO VOCATIONAL,134,117464,7.0,12.0,6.7,10.7,63.4,75.5,2017-18
01,ATLANTIC,0125,ATLANTIC CO SPECIAL SERV,58,117464,16.0,12.0,14.8,10.7,82.8,75.5,2017-18
01,ATLANTIC,0570,BRIGANTINE CITY,68,117464,18.4,12.0,18.1,10.7,91.2,75.5,2017-18
01,ATLANTIC,0590,BUENA REGIONAL,149,117464,14.6,12.0,12.5,10.7,87.9,75.5,2017-18
01,ATLANTIC,1300,EGG HARBOR CITY,48,117464,11.7,12.0,10.3,10.7,70.8,75.5,2017-18
01,ATLANTIC,1310,EGG HARBOR TWP,602,117464,13.2,12.0,12.0,10.7,88.4,75.5,2017-18
01,ATLANTIC,1410,ESTELL MANOR CITY,16,117464,12.1,12.0,10.6,10.7,81.3,75.5,2017-18
01,ATLANTIC,1540,FOLSOM BORO,39,117464,9.6,12.0,8.0,10.7,71.8,75.5,2017-18
01,ATLANTIC,1690,GALLOWAY TWP,302,117464,14.9,12.0,13.7,10.7,81.1,75.5,2017-18
01,ATLANTIC,1790,GREATER EGG HARBOR REG,270,117464,13.6,12.0,12.5,10.7,88.5,75.5,2017-18
01,ATLANTIC,1940,HAMILTON TWP,250,117464,12.1,12.0,12.1,10.7,81.6,75.5,2017-18
01,ATLANTIC,1960,HAMMONTON TOWN,249,117464,12.2,12.0,11.2,10.7,82.7,75.5,2017-18
01,ATLANTIC,2680,LINWOOD CITY,73,117464,14.3,12.0,11.2,10.7,83.6,75.5,2017-18
01,ATLANTIC,2910,MAINLAND REGIONAL,110,117464,15.6,12.0,13.4,10.7,89.1,75.5,2017-18
01,ATLANTIC,3020,MARGATE CITY,52,117464,15.9,12.0,14.6,10.7,76.9,75.5,2017-18
01,ATLANTIC,3480,MULLICA TWP,56,117464,9.9,12.0,6.8,10.7,50.9,75.5,2017-18
01,ATLANTIC,3720,NORTHFIELD CITY,91,117464,9.2,12.0,7.9,10.7,56.8,75.5,2017-18
01,ATLANTIC,4180,PLEASANTVILLE CITY,342,117464,11.5,12.0,9.9,10.7,83.9,75.5,2017-18
01,ATLANTIC,4240,PORT REPUBLIC CITY,14,117464,10.4,12.0,9.5,10.7,72.7,75.5,2017-18
01,ATLANTIC,4800,SOMERS POINT CITY,104,117464,10.2,12.0,9.7,10.7,71.2,75.5,2017-18
01,ATLANTIC,5350,VENTNOR CITY,69,117464,19.7,12.0,16.8,10.7,97.1,75.5,2017-18
01,ATLANTIC,5760,WEYMOUTH TWP,20,117464,14.1,12.0,8.9,10.7,65.0,75.5,2017-18
03,BERGEN,0040,ALLENDALE BORO,77,117464,11.1,12.0,11.1,10.7,74.0,75.5,2017-18
03,BERGEN,0080,ALPINE BORO,25,117464,12.4,12.0,8.1,10.7,80.0,75.5,2017-18
03,BERGEN,0285,BERGEN CO SPECIAL SERVICE,216,117464,16.3,12.0,13.8,10.7,80.5,75.5,2017-18
03,BERGEN,0290,BERGEN COUNTY VOCATIONAL,230,117464,12.8,12.0,10.8,10.7,71.7,75.5,2017-18
03,BERGEN,0300,BERGENFIELD BORO,276,117464,12.8,12.0,11.7,10.7,80.1,75.5,2017-18
03,BERGEN,0440,BOGOTA BORO,95,117464,11.4,12.0,11.0,10.7,75.8,75.5,2017-18
03,BERGEN,0740,CARLSTADT BORO,44,117464,12.9,12.0,12.0,10.7,84.1,75.5,2017-18
03,BERGEN,0745,CARLSTADT-EAST RUTHERFORD,41,117464,13.8,12.0,12.0,10.7,78.0,75.5,2017-18
03,BERGEN,0890,CLIFFSIDE PARK BORO,243,117464,8.9,12.0,8.9,10.7,67.4,75.5,2017-18
03,BERGEN,0930,CLOSTER BORO,95,117464,13.5,12.0,11.7,10.7,74.7,75.5,2017-18
03,BERGEN,0990,CRESSKILL BORO,147,117464,10.2,12.0,9.8,10.7,82.3,75.5,2017-18
03,BERGEN,1070,DEMAREST BORO,73,117464,11.1,12.0,9.2,10.7,63.0,75.5,2017-18
03,BERGEN,1130,DUMONT BORO,213,117464,12.6,12.0,12.5,10.7,84.0,75.5,2017-18
03,BERGEN,1230,EAST RUTHERFORD BORO,74,117464,12.0,12.0,11.2,10.7,78.4,75.5,2017-18
03,BERGEN,1270,EDGEWATER BORO,71,117464,9.0,12.0,7.0,10.7,60.6,75.5,2017-18
03,BERGEN,1345,ELMWOOD PARK,184,117464,8.1,12.0,6.8,10.7,54.3,75.5,2017-18
03,BERGEN,1360,EMERSON BORO,100,117464,10.0,12.0,7.9,10.7,71.0,75.5,2017-18
03,BERGEN,1370,ENGLEWOOD CITY,284,117464,10.3,12.0,9.7,10.7,73.9,75.5,2017-18
03,BERGEN,1380,ENGLEWOOD CLIFFS BORO,58,117464,11.4,12.0,10.4,10.7,70.7,75.5,2017-18
03,BERGEN,1450,FAIR LAWN BORO,421,117464,13.0,12.0,11.3,10.7,77.0,75.5,2017-18
03,BERGEN,1470,FAIRVIEW BORO,89,117464,12.5,12.0,10.8,10.7,67.4,75.5,2017-18
03,BERGEN,1550,FORT LEE BORO,298,117464,11.4,12.0,10.2,10.7,77.5,75.5,2017-18
03,BERGEN,1580,FRANKLIN LAKES BORO,145,117464,11.3,12.0,11.3,10.7,80.0,75.5,2017-18
03,BERGEN,1700,GARFIELD CITY,443,117464,11.3,12.0,11.3,10.7,84.0,75.5,2017-18
03,BERGEN,1760,GLEN ROCK BORO,216,117464,13.5,12.0,11.1,10.7,74.1,75.5,2017-18
03,BERGEN,1860,HACKENSACK CITY,420,117464,11.4,12.0,11.4,10.7,80.5,75.5,2017-18
03,BERGEN,2050,HARRINGTON PARK BORO,53,117464,12.7,12.0,10.8,10.7,83.0,75.5,2017-18
03,BERGEN,2080,HASBROUCK HEIGHTS BORO,142,117464,14.8,12.0,12.6,10.7,80.3,75.5,2017-18
03,BERGEN,2090,HAWORTH BORO,42,117464,10.3,12.0,8.1,10.7,52.4,75.5,2017-18
03,BERGEN,2180,HILLSDALE BORO,119,117464,11.9,12.0,9.9,10.7,72.3,75.5,2017-18
03,BERGEN,2200,HO HO KUS BORO,49,117464,14.3,12.0,12.5,10.7,85.7,75.5,2017-18
03,BERGEN,2620,LEONIA BORO,175,117464,11.5,12.0,10.8,10.7,71.4,75.5,2017-18
03,BERGEN,2710,LITTLE FERRY BORO,78,117464,13.3,12.0,12.8,10.7,67.9,75.5,2017-18
03,BERGEN,2740,LODI BOROUGH,232,117464,11.3,12.0,11.4,10.7,78.4,75.5,2017-18
03,BERGEN,2860,LYNDHURST TWP,205,117464,7.4,12.0,6.5,10.7,49.0,75.5,2017-18
03,BERGEN,2900,MAHWAH TWP,276,117464,13.4,12.0,11.2,10.7,79.0,75.5,2017-18
03,BERGEN,3060,MAYWOOD BORO,77,117464,10.2,12.0,9.1,10.7,72.4,75.5,2017-18
03,BERGEN,3170,MIDLAND PARK BORO,107,117464,12.9,12.0,10.7,10.7,69.2,75.5,2017-18
03,BERGEN,3330,MONTVALE BORO,89,117464,12.9,12.0,10.4,10.7,76.4,75.5,2017-18
03,BERGEN,3350,MOONACHIE BORO,28,117464,9.5,12.0,9.4,10.7,71.4,75.5,2017-18
03,BERGEN,3550,NEW MILFORD BORO,164,117464,12.1,12.0,10.2,10.7,81.7,75.5,2017-18
03,BERGEN,3600,NORTH ARLINGTON BORO,133,117464,13.6,12.0,11.6,10.7,76.7,75.5,2017-18
03,BERGEN,3700,NORTHERN HIGHLANDS REG,115,117464,11.4,12.0,11.4,10.7,86.1,75.5,2017-18
03,BERGEN,3710,NORTHERN VALLEY REGIONAL,246,117464,14.4,12.0,12.0,10.7,81.3,75.5,2017-18
03,BERGEN,3730,NORTHVALE BORO,48,117464,12.5,12.0,10.0,10.7,70.8,75.5,2017-18
03,BERGEN,3740,NORWOOD BORO,50,117464,11.2,12.0,10.6,10.7,75.5,75.5,2017-18
03,BERGEN,3760,OAKLAND BORO,134,117464,10.1,12.0,8.5,10.7,66.4,75.5,2017-18
03,BERGEN,3850,OLD TAPPAN BORO,64,117464,15.9,12.0,13.8,10.7,79.4,75.5,2017-18
03,BERGEN,3870,ORADELL BORO,64,117464,13.3,12.0,13.1,10.7,82.8,75.5,2017-18
03,BERGEN,3910,PALISADES PARK,9999999,117464,9999999.0,12.0,9999999.0,10.7,9999999.0,75.5,2017-18
03,BERGEN,3930,PARAMUS BORO,342,117464,13.3,12.0,11.9,10.7,83.0,75.5,2017-18
03,BERGEN,3940,PARK RIDGE BORO,125,117464,13.3,12.0,11.2,10.7,74.4,75.5,2017-18
03,BERGEN,3960,PASCACK VALLEY REGIONAL,178,117464,13.5,12.0,10.8,10.7,80.3,75.5,2017-18
03,BERGEN,4300,RAMAPO-INDIAN HILL REG,221,117464,8.1,12.0,8.1,10.7,69.2,75.5,2017-18
03,BERGEN,4310,RAMSEY BORO,263,117464,14.1,12.0,12.2,10.7,82.1,75.5,2017-18
03,BERGEN,4370,RIDGEFIELD BORO,163,117464,14.6,12.0,12.5,10.7,81.0,75.5,2017-18
03,BERGEN,4380,RIDGEFIELD PARK TWP,172,117464,14.1,12.0,12.8,10.7,90.1,75.5,2017-18
03,BERGEN,4390,RIDGEWOOD VILLAGE,435,117464,12.7,12.0,11.4,10.7,79.5,75.5,2017-18
03,BERGEN,4405,RIVER DELL REGIONAL,136,117464,13.3,12.0,10.5,10.7,77.9,75.5,2017-18
03,BERGEN,4410,RIVER EDGE BORO,100,117464,9.8,12.0,7.3,10.7,64.0,75.5,2017-18
03,BERGEN,4430,RIVER VALE TWP,99,117464,14.9,12.0,11.1,10.7,74.7,75.5,2017-18
03,BERGEN,4470,ROCHELLE PARK TWP,47,117464,14.6,12.0,12.9,10.7,70.2,75.5,2017-18
03,BERGEN,4600,RUTHERFORD BORO,214,117464,11.4,12.0,9.9,10.7,72.4,75.5,2017-18
03,BERGEN,4610,SADDLE BROOK TWP,147,117464,10.0,12.0,10.0,10.7,75.5,75.5,2017-18
03,BERGEN,4620,SADDLE RIVER BORO,19,117464,18.1,12.0,14.9,10.7,100.0,75.5,2017-18
03,BERGEN,4845,SOUTH BERGEN JOINTURE COM,59,117464,11.8,12.0,10.9,10.7,88.1,75.5,2017-18
03,BERGEN,4870,SOUTH HACKENSACK TWP,25,117464,8.1,12.0,10.8,10.7,77.8,75.5,2017-18
03,BERGEN,5150,TEANECK TWP,359,117464,13.2,12.0,11.1,10.7,70.6,75.5,2017-18
03,BERGEN,5160,TENAFLY BORO,312,117464,13.0,12.0,10.2,10.7,73.7,75.5,2017-18
03,BERGEN,5330,UPPER SADDLE RIVER BORO,111,117464,11.2,12.0,9.0,10.7,70.3,75.5,2017-18
03,BERGEN,5410,WALDWICK BORO,154,117464,13.2,12.0,11.8,10.7,80.7,75.5,2017-18
03,BERGEN,5430,WALLINGTON BORO,94,117464,10.5,12.0,9.2,10.7,61.7,75.5,2017-18
03,BERGEN,5755,WESTWOOD REGIONAL,251,117464,12.0,12.0,9.8,10.7,70.9,75.5,2017-18
03,BERGEN,5830,WOOD-RIDGE BORO,99,117464,8.9,12.0,8.1,10.7,66.7,75.5,2017-18
03,BERGEN,5880,WOODCLIFF LAKE BORO,82,117464,10.1,12.0,9.0,10.7,74.1,75.5,2017-18
03,BERGEN,5920,WYCKOFF TWP,181,117464,12.6,12.0,10.8,10.7,75.7,75.5,2017-18
05,BURLINGTON,0200,BASS RIVER TWP,15,117464,13.6,12.0,11.1,10.7,86.7,75.5,2017-18
05,BURLINGTON,0380,BEVERLY CITY,28,117464,7.6,12.0,7.6,10.7,60.7,75.5,2017-18
05,BURLINGTON,0475,BORDENTOWN REGIONAL,185,117464,10.8,12.0,10.8,10.7,82.7,75.5,2017-18
05,BURLINGTON,0600,BURLINGTON CITY,174,117464,11.8,12.0,10.6,10.7,78.2,75.5,2017-18
05,BURLINGTON,0605,BURLINGTON CO SPEC SERV,148,117464,14.8,12.0,12.2,10.7,70.6,75.5,2017-18
05,BURLINGTON,0610,BURLINGTON CO VOCATIONAL,148,117464,11.5,12.0,10.2,10.7,73.6,75.5,2017-18
05,BURLINGTON,0620,BURLINGTON TWP,332,117464,14.0,12.0,12.4,10.7,87.7,75.5,2017-18
05,BURLINGTON,0830,CHESTERFIELD TWP,59,117464,11.8,12.0,8.4,10.7,69.5,75.5,2017-18
05,BURLINGTON,0840,CINNAMINSON TWP,222,117464,12.0,12.0,11.3,10.7,77.1,75.5,2017-18
05,BURLINGTON,1030,DELANCO TWP,34,117464,13.4,12.0,11.5,10.7,85.3,75.5,2017-18
05,BURLINGTON,1060,DELRAN TWP,240,117464,11.3,12.0,9.0,10.7,75.0,75.5,2017-18
05,BURLINGTON,1250,EASTAMPTON TWP,53,117464,12.5,12.0,12.5,10.7,69.8,75.5,2017-18
05,BURLINGTON,1280,EDGEWATER PARK TWP,69,117464,12.3,12.0,11.1,10.7,75.4,75.5,2017-18
05,BURLINGTON,1420,EVESHAM TWP,352,117464,10.8,12.0,8.8,10.7,70.2,75.5,2017-18
05,BURLINGTON,1520,FLORENCE TWP,128,117464,11.4,12.0,11.4,10.7,76.6,75.5,2017-18
05,BURLINGTON,1910,HAINESPORT TWP,59,117464,11.3,12.0,9.5,10.7,71.2,75.5,2017-18
05,BURLINGTON,2610,LENAPE REGIONAL,586,117464,14.4,12.0,13.0,10.7,85.3,75.5,2017-18
05,BURLINGTON,2850,LUMBERTON TWP,106,117464,15.8,12.0,13.9,10.7,83.0,75.5,2017-18
05,BURLINGTON,2960,MANSFIELD TWP,59,117464,10.5,12.0,10.5,10.7,74.6,75.5,2017-18
05,BURLINGTON,3010,MAPLE SHADE TWP,186,117464,9.4,12.0,9.4,10.7,71.9,75.5,2017-18
05,BURLINGTON,3070,MEDFORD LAKES BORO,44,117464,15.1,12.0,13.5,10.7,79.5,75.5,2017-18
05,BURLINGTON,3080,MEDFORD TWP,217,117464,11.9,12.0,11.9,10.7,80.2,75.5,2017-18
05,BURLINGTON,3360,MOORESTOWN TWP,350,117464,13.9,12.0,11.4,10.7,83.1,75.5,2017-18
05,BURLINGTON,3430,MOUNT HOLLY TWP,93,117464,9.8,12.0,9.8,10.7,73.1,75.5,2017-18
05,BURLINGTON,3440,MOUNT LAUREL TWP,353,117464,13.6,12.0,13.0,10.7,81.0,75.5,2017-18
05,BURLINGTON,3540,NEW HANOVER TWP,26,117464,11.0,12.0,9.4,10.7,65.4,75.5,2017-18
05,BURLINGTON,3650,NORTH HANOVER TWP,112,117464,13.6,12.0,12.8,10.7,79.5,75.5,2017-18
05,BURLINGTON,3690,NORTHERN BURLINGTON REG,164,117464,11.7,12.0,9.9,10.7,75.0,75.5,2017-18
05,BURLINGTON,3920,PALMYRA BORO,82,117464,13.5,12.0,11.2,10.7,70.7,75.5,2017-18
05,BURLINGTON,4050,PEMBERTON TWP,461,117464,13.7,12.0,12.1,10.7,75.7,75.5,2017-18
05,BURLINGTON,4320,RANCOCAS VALLEY REGIONAL,142,117464,12.1,12.0,12.1,10.7,84.5,75.5,2017-18
05,BURLINGTON,4450,RIVERSIDE TWP,115,117464,12.7,12.0,11.8,10.7,84.7,75.5,2017-18
05,BURLINGTON,4460,RIVERTON,26,117464,15.0,12.0,12.1,10.7,84.6,75.5,2017-18
05,BURLINGTON,4740,SHAMONG TWP,66,117464,9.8,12.0,7.3,10.7,63.6,75.5,2017-18
05,BURLINGTON,4930,SOUTHAMPTON TWP,73,117464,9.4,12.0,7.7,10.7,61.6,75.5,2017-18
05,BURLINGTON,5010,SPRINGFIELD TWP,26,117464,10.9,12.0,10.4,10.7,76.0,75.5,2017-18
05,BURLINGTON,5130,TABERNACLE TWP,63,117464,12.0,12.0,8.8,10.7,71.4,75.5,2017-18
05,BURLINGTON,5720,WESTAMPTON,79,117464,13.5,12.0,11.6,10.7,83.5,75.5,2017-18
05,BURLINGTON,5805,WILLINGBORO TWP,273,117464,14.2,12.0,13.6,10.7,89.7,75.5,2017-18
05,BURLINGTON,5890,WOODLAND TWP,18,117464,10.1,12.0,7.2,10.7,55.6,75.5,2017-18
07,CAMDEN,0150,AUDUBON BORO,134,117464,13.2,12.0,12.1,10.7,81.2,75.5,2017-18
07,CAMDEN,0190,BARRINGTON BORO,63,117464,10.3,12.0,9.3,10.7,66.7,75.5,2017-18
07,CAMDEN,0260,BELLMAWR BORO,91,117464,10.3,12.0,9.4,10.7,75.6,75.5,2017-18
07,CAMDEN,0330,BERLIN BORO,70,117464,10.6,12.0,7.8,10.7,61.8,75.5,2017-18
07,CAMDEN,0340,BERLIN TWP,66,117464,13.3,12.0,11.9,10.7,75.8,75.5,2017-18
07,CAMDEN,0390,BLACK HORSE PIKE REGIONAL,283,117464,11.9,12.0,10.0,10.7,78.4,75.5,2017-18
07,CAMDEN,0580,BROOKLAWN BORO,30,117464,12.7,12.0,11.3,10.7,93.1,75.5,2017-18
07,CAMDEN,0680,CAMDEN CITY,706,117464,13.5,12.0,13.5,10.7,76.4,75.5,2017-18
07,CAMDEN,0700,CAMDEN COUNTY VOCATIONAL,194,117464,11.4,12.0,9.6,10.7,67.5,75.5,2017-18
07,CAMDEN,0800,CHERRY HILL TWP,861,117464,11.8,12.0,11.4,10.7,81.2,75.5,2017-18
07,CAMDEN,0880,CLEMENTON BORO,52,117464,10.8,12.0,8.4,10.7,63.5,75.5,2017-18
07,CAMDEN,0940,COLLINGSWOOD BORO,188,117464,11.5,12.0,9.6,10.7,71.8,75.5,2017-18
07,CAMDEN,1255,EASTERN CAMDEN COUNTY REG,141,117464,14.4,12.0,11.3,10.7,81.6,75.5,2017-18
07,CAMDEN,1720,GIBBSBORO BORO,27,117464,7.3,12.0,6.4,10.7,63.0,75.5,2017-18
07,CAMDEN,1770,GLOUCESTER CITY,187,117464,13.5,12.0,13.1,10.7,87.0,75.5,2017-18
07,CAMDEN,1780,GLOUCESTER TWP,529,117464,14.0,12.0,13.1,10.7,84.9,75.5,2017-18
07,CAMDEN,1799,"KIPP: COOPER NORCROSS, A NEW JERSEY NONPROFIT CORPORATION",57,117464,6.0,12.0,1.4,10.7,3.5,75.5,2017-18
07,CAMDEN,1801,"CAMDEN PREP, INC.",31,117464,3.5,12.0,1.3,10.7,0.0,75.5,2017-18
07,CAMDEN,1802,"MASTERY SCHOOLS OF CAMDEN, INC. ",148,117464,6.0,12.0,1.3,10.7,0.0,75.5,2017-18
07,CAMDEN,1880,HADDON HEIGHTS BORO,129,117464,11.6,12.0,9.0,10.7,63.6,75.5,2017-18
07,CAMDEN,1890,HADDON TWP,167,117464,11.4,12.0,7.8,10.7,55.7,75.5,2017-18
07,CAMDEN,1900,HADDONFIELD BORO,226,117464,7.9,12.0,7.0,10.7,51.8,75.5,2017-18
07,CAMDEN,2540,LAUREL SPRINGS BORO,18,117464,15.2,12.0,11.5,10.7,77.8,75.5,2017-18
07,CAMDEN,2560,LAWNSIDE BORO,26,117464,10.9,12.0,8.8,10.7,84.6,75.5,2017-18
07,CAMDEN,2670,LINDENWOLD BORO,245,117464,10.0,12.0,8.0,10.7,60.0,75.5,2017-18
07,CAMDEN,2890,MAGNOLIA BORO,38,117464,14.3,12.0,13.5,10.7,84.2,75.5,2017-18
07,CAMDEN,3110,MERCHANTVILLE BORO,32,117464,14.2,12.0,9.4,10.7,56.3,75.5,2017-18
07,CAMDEN,3420,MOUNT EPHRAIM BORO,38,117464,12.3,12.0,10.1,10.7,71.9,75.5,2017-18
07,CAMDEN,3770,OAKLYN BORO,40,117464,11.4,12.0,8.9,10.7,70.0,75.5,2017-18
07,CAMDEN,4060,PENNSAUKEN TWP,397,117464,13.6,12.0,12.7,10.7,82.8,75.5,2017-18
07,CAMDEN,4110,PINE HILL BORO,169,117464,11.7,12.0,11.4,10.7,76.2,75.5,2017-18
07,CAMDEN,4590,RUNNEMEDE BORO,70,117464,10.5,12.0,10.1,10.7,74.3,75.5,2017-18
07,CAMDEN,4790,SOMERDALE BORO,48,117464,10.9,12.0,9.8,10.7,68.8,75.5,2017-18
07,CAMDEN,5035,STERLING HIGH SCHOOL DIST,71,117464,12.3,12.0,10.9,10.7,81.7,75.5,2017-18
07,CAMDEN,5080,STRATFORD BORO,81,117464,12.9,12.0,12.6,10.7,85.2,75.5,2017-18
07,CAMDEN,5400,VOORHEES TWP,230,117464,15.3,12.0,14.1,10.7,84.8,75.5,2017-18
07,CAMDEN,5560,WATERFORD TWP,77,117464,9.7,12.0,9.6,10.7,75.3,75.5,2017-18
07,CAMDEN,5820,WINSLOW TWP,456,117464,11.0,12.0,10.8,10.7,70.8,75.5,2017-18
07,CAMDEN,5900,WOODLYNNE BORO,33,117464,13.5,12.0,10.2,10.7,77.8,75.5,2017-18
09,CAPE MAY,0170,AVALON BORO,16,117464,16.8,12.0,12.2,10.7,81.3,75.5,2017-18
09,CAPE MAY,0710,CAPE MAY CITY,22,117464,12.7,12.0,10.9,10.7,72.7,75.5,2017-18
09,CAPE MAY,0715,CAPE MAY CO SPECIAL SERV,38,117464,12.8,12.0,11.9,10.7,55.3,75.5,2017-18
09,CAPE MAY,0720,CAPE MAY CO VOCATIONAL,69,117464,12.9,12.0,10.6,10.7,75.4,75.5,2017-18
09,CAPE MAY,1080,DENNIS TWP,67,117464,11.0,12.0,9.6,10.7,55.4,75.5,2017-18
09,CAPE MAY,2820,LOWER CAPE MAY REGIONAL,123,117464,15.8,12.0,15.7,10.7,95.1,75.5,2017-18
09,CAPE MAY,2840,LOWER TWP,143,117464,12.6,12.0,12.6,10.7,85.3,75.5,2017-18
09,CAPE MAY,3130,MIDDLE TWP,208,117464,14.1,12.0,13.7,10.7,81.7,75.5,2017-18
09,CAPE MAY,3680,NORTH WILDWOOD CITY,38,117464,18.8,12.0,17.4,10.7,94.7,75.5,2017-18
09,CAPE MAY,3780,OCEAN CITY,185,117464,15.0,12.0,12.7,10.7,84.3,75.5,2017-18
09,CAPE MAY,5060,STONE HARBOR BORO,18,117464,19.1,12.0,15.1,10.7,83.3,75.5,2017-18
09,CAPE MAY,5340,UPPER TWP,126,117464,12.6,12.0,12.1,10.7,73.4,75.5,2017-18
09,CAPE MAY,5610,WEST CAPE MAY BORO,11,117464,6.4,12.0,4.4,10.7,40.0,75.5,2017-18
09,CAPE MAY,5790,WILDWOOD CITY,96,117464,13.7,12.0,13.7,10.7,83.9,75.5,2017-18
09,CAPE MAY,5800,WILDWOOD CREST BORO,34,117464,13.7,12.0,12.1,10.7,88.2,75.5,2017-18
09,CAPE MAY,5840,WOODBINE BORO,19,117464,11.4,12.0,9.7,10.7,78.9,75.5,2017-18
11,CUMBERLAND,0540,BRIDGETON CITY,490,117464,12.2,12.0,9.6,10.7,71.5,75.5,2017-18
11,CUMBERLAND,0950,COMMERCIAL TWP,46,117464,10.7,12.0,10.2,10.7,65.2,75.5,2017-18
11,CUMBERLAND,0995,CUMBERLAND CO VOCATIONAL,47,117464,6.5,12.0,3.9,10.7,25.5,75.5,2017-18
11,CUMBERLAND,0997,CUMBERLAND REGIONAL,79,117464,11.5,12.0,9.2,10.7,70.9,75.5,2017-18
11,CUMBERLAND,1020,DEERFIELD TWP,32,117464,12.5,12.0,8.8,10.7,68.8,75.5,2017-18
11,CUMBERLAND,1120,DOWNE TWP,17,117464,11.7,12.0,10.5,10.7,58.8,75.5,2017-18
11,CUMBERLAND,1460,FAIRFIELD TWP,50,117464,9.4,12.0,6.7,10.7,64.6,75.5,2017-18
11,CUMBERLAND,1820,GREENWICH TWP,9,117464,15.9,12.0,13.4,10.7,88.9,75.5,2017-18
11,CUMBERLAND,2270,HOPEWELL TWP,37,117464,16.2,12.0,13.8,10.7,89.2,75.5,2017-18
11,CUMBERLAND,2570,LAWRENCE TWP,41,117464,14.0,12.0,11.6,10.7,70.7,75.5,2017-18
11,CUMBERLAND,3050,MAURICE RIVER TWP,37,117464,13.0,12.0,10.8,10.7,70.3,75.5,2017-18
11,CUMBERLAND,3230,MILLVILLE CITY,435,117464,14.5,12.0,13.1,10.7,88.0,75.5,2017-18
11,CUMBERLAND,5070,STOW CREEK TWP,13,117464,19.4,12.0,17.9,10.7,100.0,75.5,2017-18
11,CUMBERLAND,5300,UPPER DEERFIELD TWP,82,117464,13.3,12.0,11.0,10.7,74.4,75.5,2017-18
11,CUMBERLAND,5390,VINELAND CITY,772,117464,15.0,12.0,15.0,10.7,93.8,75.5,2017-18
13,ESSEX,0250,BELLEVILLE TOWN,332,117464,11.0,12.0,11.0,10.7,75.6,75.5,2017-18
13,ESSEX,0410,BLOOMFIELD TWP,546,117464,10.2,12.0,9.7,10.7,71.6,75.5,2017-18
13,ESSEX,0660,CALDWELL-WEST CALDWELL,221,117464,10.7,12.0,10.7,10.7,75.1,75.5,2017-18
13,ESSEX,0760,CEDAR GROVE TWP,152,117464,10.8,12.0,9.5,10.7,78.9,75.5,2017-18
13,ESSEX,1210,EAST ORANGE,832,117464,14.4,12.0,12.2,10.7,83.9,75.5,2017-18
13,ESSEX,1387,ESSEX CO ED SERV COMM,301,117464,7.8,12.0,7.5,10.7,51.7,75.5,2017-18
13,ESSEX,1390,ESSEX CO VOC-TECH,182,117464,9.3,12.0,9.3,10.7,72.0,75.5,2017-18
13,ESSEX,1400,ESSEX FELLS BORO,31,117464,9.8,12.0,9.0,10.7,74.2,75.5,2017-18
13,ESSEX,1465,FAIRFIELD TWP,67,117464,10.6,12.0,10.5,10.7,77.6,75.5,2017-18
13,ESSEX,1750,GLEN RIDGE BORO,149,117464,12.8,12.0,10.7,10.7,80.4,75.5,2017-18
13,ESSEX,2330,IRVINGTON TOWNSHIP,527,117464,9.6,12.0,8.0,10.7,58.6,75.5,2017-18
13,ESSEX,2730,LIVINGSTON TWP,485,117464,12.4,12.0,10.6,10.7,74.6,75.5,2017-18
13,ESSEX,3190,MILLBURN TWP,417,117464,11.5,12.0,11.4,10.7,79.2,75.5,2017-18
13,ESSEX,3310,MONTCLAIR TOWN,570,117464,18.2,12.0,12.3,10.7,84.6,75.5,2017-18
13,ESSEX,3570,NEWARK CITY,2715,117464,12.5,12.0,10.0,10.7,67.3,75.5,2017-18
13,ESSEX,3630,NORTH CALDWELL BORO,68,117464,8.8,12.0,6.2,10.7,58.8,75.5,2017-18
13,ESSEX,3750,NUTLEY TOWN,336,117464,10.7,12.0,9.9,10.7,64.3,75.5,2017-18
13,ESSEX,3880,CITY OF ORANGE TWP,478,117464,8.5,12.0,7.5,10.7,60.7,75.5,2017-18
13,ESSEX,4530,ROSELAND BORO,39,117464,8.9,12.0,7.5,10.7,59.0,75.5,2017-18
13,ESSEX,4900,SOUTH ORANGE-MAPLEWOOD,570,117464,9.1,12.0,9.1,10.7,65.4,75.5,2017-18
13,ESSEX,5370,VERONA BORO,178,117464,11.3,12.0,10.1,10.7,68.4,75.5,2017-18
13,ESSEX,5630,WEST ESSEX REGIONAL,161,117464,9.7,12.0,9.6,10.7,72.0,75.5,2017-18
13,ESSEX,5680,WEST ORANGE TOWN,632,117464,11.9,12.0,11.8,10.7,80.5,75.5,2017-18
15,GLOUCESTER,0860,CLAYTON BORO,116,117464,10.9,12.0,10.9,10.7,74.1,75.5,2017-18
15,GLOUCESTER,0870,CLEARVIEW REGIONAL,175,117464,13.6,12.0,11.4,10.7,78.9,75.5,2017-18
15,GLOUCESTER,1100,DEPTFORD TWP,338,117464,14.2,12.0,12.5,10.7,84.9,75.5,2017-18
15,GLOUCESTER,1180,EAST GREENWICH TWP,109,117464,8.3,12.0,6.8,10.7,59.6,75.5,2017-18
15,GLOUCESTER,1330,ELK TWP,33,117464,16.4,12.0,14.1,10.7,87.9,75.5,2017-18
15,GLOUCESTER,1590,FRANKLIN TWP,127,117464,10.2,12.0,8.9,10.7,59.8,75.5,2017-18
15,GLOUCESTER,1715,GATEWAY REGIONAL,88,117464,14.1,12.0,11.5,10.7,77.3,75.5,2017-18
15,GLOUCESTER,1730,GLASSBORO,188,117464,13.6,12.0,11.8,10.7,76.1,75.5,2017-18
15,GLOUCESTER,1774,GLOUCESTER CO SPEC SERV,110,117464,11.6,12.0,11.2,10.7,87.3,75.5,2017-18
15,GLOUCESTER,1775,GLOUCESTER CO VOCATIONAL,93,117464,10.9,12.0,10.9,10.7,84.9,75.5,2017-18
15,GLOUCESTER,1830,GREENWICH TWP,47,117464,10.9,12.0,9.5,10.7,72.3,75.5,2017-18
15,GLOUCESTER,2070,HARRISON TWP,117,117464,14.6,12.0,12.5,10.7,84.5,75.5,2017-18
15,GLOUCESTER,2440,KINGSWAY REGIONAL,186,117464,8.0,12.0,8.0,10.7,65.4,75.5,2017-18
15,GLOUCESTER,2750,LOGAN TWP,91,117464,11.9,12.0,9.9,10.7,70.3,75.5,2017-18
15,GLOUCESTER,2990,MANTUA TWP,113,117464,6.8,12.0,6.6,10.7,67.3,75.5,2017-18
15,GLOUCESTER,3280,MONROE TWP,458,117464,12.5,12.0,11.0,10.7,78.2,75.5,2017-18
15,GLOUCESTER,3490,NATIONAL PARK BORO,27,117464,14.7,12.0,13.6,10.7,74.1,75.5,2017-18
15,GLOUCESTER,4020,PAULSBORO BORO,104,117464,12.7,12.0,10.8,10.7,68.6,75.5,2017-18
15,GLOUCESTER,4140,PITMAN BORO,140,117464,12.5,12.0,10.5,10.7,80.7,75.5,2017-18
15,GLOUCESTER,4880,SOUTH HARRISON TWP,32,117464,10.1,12.0,9.8,10.7,68.8,75.5,2017-18
15,GLOUCESTER,4940,DELSEA REGIONAL H.S DIST.,126,117464,17.0,12.0,15.3,10.7,84.1,75.5,2017-18
15,GLOUCESTER,5120,SWEDESBORO-WOOLWICH,143,117464,9.7,12.0,9.7,10.7,78.3,75.5,2017-18
15,GLOUCESTER,5500,WASHINGTON TWP,660,117464,14.1,12.0,12.8,10.7,79.5,75.5,2017-18
15,GLOUCESTER,5590,WENONAH BORO,21,117464,16.0,12.0,11.3,10.7,76.2,75.5,2017-18
15,GLOUCESTER,5620,WEST DEPTFORD TWP,229,117464,12.5,12.0,11.4,10.7,78.2,75.5,2017-18
15,GLOUCESTER,5740,WESTVILLE BORO,32,117464,13.1,12.0,11.9,10.7,84.4,75.5,2017-18
15,GLOUCESTER,5860,WOODBURY CITY,139,117464,11.8,12.0,11.0,10.7,71.2,75.5,2017-18
15,GLOUCESTER,5870,WOODBURY HEIGHTS BORO,26,117464,12.2,12.0,10.1,10.7,76.9,75.5,2017-18
17,HUDSON,0220,BAYONNE CITY,692,117464,13.3,12.0,11.5,10.7,75.6,75.5,2017-18
17,HUDSON,1200,EAST NEWARK BORO,9999999,117464,9999999.0,12.0,9999999.0,10.7,9999999.0,75.5,2017-18
17,HUDSON,1850,GUTTENBERG TOWN,9999999,117464,9999999.0,12.0,9999999.0,10.7,9999999.0,75.5,2017-18
17,HUDSON,2060,HARRISON TOWN,174,117464,13.2,12.0,11.8,10.7,76.4,75.5,2017-18
17,HUDSON,2210,HOBOKEN CITY,208,117464,9.8,12.0,8.1,10.7,61.5,75.5,2017-18
17,HUDSON,2295,HUDSON COUNTY VOCATIONAL,200,117464,10.7,12.0,10.6,10.7,74.5,75.5,2017-18
17,HUDSON,2390,JERSEY CITY,2386,117464,13.8,12.0,13.7,10.7,88.4,75.5,2017-18
17,HUDSON,2410,KEARNY TOWN,445,117464,13.5,12.0,12.5,10.7,91.5,75.5,2017-18
17,HUDSON,3610,NORTH BERGEN TWP,587,117464,11.3,12.0,10.7,10.7,78.4,75.5,2017-18
17,HUDSON,4730,SECAUCUS TOWN,178,117464,11.0,12.0,10.8,10.7,73.6,75.5,2017-18
17,HUDSON,5240,UNION CITY,880,117464,12.1,12.0,11.7,10.7,76.8,75.5,2017-18
17,HUDSON,5580,WEEHAWKEN TWP,119,117464,10.8,12.0,10.7,10.7,63.9,75.5,2017-18
17,HUDSON,5670,WEST NEW YORK TOWN,570,117464,13.4,12.0,12.9,10.7,86.7,75.5,2017-18
19,HUNTERDON,0020,ALEXANDRIA TWP,53,117464,10.0,12.0,9.1,10.7,73.6,75.5,2017-18
19,HUNTERDON,0370,BETHLEHEM TWP,45,117464,12.8,12.0,9.5,10.7,80.0,75.5,2017-18
19,HUNTERDON,0430,BLOOMSBURY BORO,12,117464,16.0,12.0,12.0,10.7,90.0,75.5,2017-18
19,HUNTERDON,0670,CALIFON BORO,19,117464,13.1,12.0,8.6,10.7,73.7,75.5,2017-18
19,HUNTERDON,0910,CLINTON TOWN,45,117464,15.5,12.0,10.5,10.7,75.6,75.5,2017-18
19,HUNTERDON,0920,CLINTON TWP,147,117464,12.9,12.0,10.6,10.7,87.1,75.5,2017-18
19,HUNTERDON,1040,DELAWARE TWP,45,117464,13.9,12.0,11.3,10.7,80.0,75.5,2017-18
19,HUNTERDON,1050,DELAWARE VALLEY REGIONAL,72,117464,12.4,12.0,9.9,10.7,76.4,75.5,2017-18
19,HUNTERDON,1160,EAST AMWELL TWP,39,117464,14.4,12.0,11.3,10.7,84.6,75.5,2017-18
19,HUNTERDON,1376,SOUTH HUNTERDON REGIONAL SCHOOL DISTRICT,105,117464,12.1,12.0,10.0,10.7,74.3,75.5,2017-18
19,HUNTERDON,1510,FLEMINGTON-RARITAN REG,322,117464,13.5,12.0,10.9,10.7,81.4,75.5,2017-18
19,HUNTERDON,1600,FRANKLIN TWP,31,117464,15.4,12.0,10.8,10.7,54.8,75.5,2017-18
19,HUNTERDON,1680,FRENCHTOWN BORO,19,117464,8.1,12.0,5.3,10.7,47.4,75.5,2017-18
19,HUNTERDON,1970,HAMPTON BORO,21,117464,11.9,12.0,7.5,10.7,50.0,75.5,2017-18
19,HUNTERDON,2140,HIGH BRIDGE BORO,43,117464,14.9,12.0,12.7,10.7,74.4,75.5,2017-18
19,HUNTERDON,2220,HOLLAND TWP,58,117464,13.6,12.0,10.0,10.7,75.9,75.5,2017-18
19,HUNTERDON,2300,HUNTERDON CENTRAL REG,243,117464,12.4,12.0,11.0,10.7,78.2,75.5,2017-18
19,HUNTERDON,2305,HUNTERDON CO ED SER COMM,9,117464,12.9,12.0,12.9,10.7,66.7,75.5,2017-18
19,HUNTERDON,2308,HUNTERDON CO VOCATIONAL,18,117464,7.8,12.0,7.8,10.7,72.2,75.5,2017-18
19,HUNTERDON,2450,KINGWOOD TWP,36,117464,12.2,12.0,10.2,10.7,83.3,75.5,2017-18
19,HUNTERDON,2590,LEBANON BORO,18,117464,9.5,12.0,9.2,10.7,100.0,75.5,2017-18
19,HUNTERDON,2600,LEBANON TWP,67,117464,12.1,12.0,10.1,10.7,65.7,75.5,2017-18
19,HUNTERDON,3180,MILFORD BORO,15,117464,14.7,12.0,11.7,10.7,93.3,75.5,2017-18
19,HUNTERDON,3660,N HUNT/VOORHEES REGIONAL,217,117464,12.3,12.0,10.3,10.7,79.3,75.5,2017-18
19,HUNTERDON,4350,READINGTON TWP,165,117464,13.7,12.0,11.4,10.7,80.6,75.5,2017-18
19,HUNTERDON,5180,TEWKSBURY TWP,64,117464,14.9,12.0,12.0,10.7,90.6,75.5,2017-18
19,HUNTERDON,5270,UNION TWP,44,117464,12.6,12.0,11.6,10.7,75.0,75.5,2017-18
21,MERCER,1245,EAST WINDSOR REGIONAL,429,117464,9.2,12.0,8.6,10.7,69.2,75.5,2017-18
21,MERCER,1430,EWING TWP,350,117464,12.0,12.0,10.2,10.7,72.3,75.5,2017-18
21,MERCER,1950,HAMILTON TWP,942,117464,11.9,12.0,11.9,10.7,80.7,75.5,2017-18
21,MERCER,2280,HOPEWELL VALLEY REGIONAL,357,117464,14.7,12.0,12.6,10.7,82.6,75.5,2017-18
21,MERCER,2580,LAWRENCE TWP,329,117464,11.6,12.0,10.5,10.7,72.3,75.5,2017-18
21,MERCER,3103,MERCER CO SPECIAL SERVICE,98,117464,16.0,12.0,15.1,10.7,82.7,75.5,2017-18
21,MERCER,3105,MERCER COUNTY VOCATIONAL,44,117464,8.4,12.0,7.5,10.7,52.3,75.5,2017-18
21,MERCER,4255,PRINCETON REGIONAL,346,117464,13.6,12.0,11.0,10.7,74.6,75.5,2017-18
21,MERCER,5210,TRENTON CITY,930,117464,12.4,12.0,10.1,10.7,76.5,75.5,2017-18
21,MERCER,5510,ROBBINSVILLE TWP,242,117464,8.9,12.0,8.9,10.7,64.9,75.5,2017-18
21,MERCER,5715,W WINDSOR-PLAINSBORO REG,768,117464,13.4,12.0,11.2,10.7,71.5,75.5,2017-18
23,MIDDLESEX,0750,CARTERET BORO,295,117464,10.8,12.0,10.7,10.7,73.1,75.5,2017-18
23,MIDDLESEX,0970,CRANBURY TWP,56,117464,13.4,12.0,10.3,10.7,82.1,75.5,2017-18
23,MIDDLESEX,1140,DUNELLEN BORO,103,117464,10.4,12.0,9.4,10.7,61.2,75.5,2017-18
23,MIDDLESEX,1170,EAST BRUNSWICK TWP,701,117464,11.8,12.0,10.6,10.7,74.5,75.5,2017-18
23,MIDDLESEX,1290,EDISON TWP,1032,117464,14.7,12.0,13.6,10.7,86.6,75.5,2017-18
23,MIDDLESEX,2150,HIGHLAND PARK BORO,150,117464,11.3,12.0,9.1,10.7,71.1,75.5,2017-18
23,MIDDLESEX,2370,JAMESBURG BORO,55,117464,12.0,12.0,9.9,10.7,63.0,75.5,2017-18
23,MIDDLESEX,3120,METUCHEN BORO,182,117464,12.9,12.0,10.7,10.7,72.0,75.5,2017-18
23,MIDDLESEX,3140,MIDDLESEX BORO,179,117464,12.4,12.0,12.2,10.7,78.8,75.5,2017-18
23,MIDDLESEX,3145,MIDDLESEX CO REG SER COMM,160,117464,8.4,12.0,8.4,10.7,67.5,75.5,2017-18
23,MIDDLESEX,3150,MIDDLESEX CO VOCATIONAL,181,117464,9.6,12.0,8.8,10.7,66.3,75.5,2017-18
23,MIDDLESEX,3220,MILLTOWN BORO,66,117464,9.8,12.0,7.3,10.7,59.1,75.5,2017-18
23,MIDDLESEX,3290,MONROE TWP,525,117464,10.9,12.0,10.6,10.7,77.1,75.5,2017-18
23,MIDDLESEX,3530,NEW BRUNSWICK CITY,766,117464,10.2,12.0,8.3,10.7,66.6,75.5,2017-18
23,MIDDLESEX,3620,NORTH BRUNSWICK TWP,518,117464,10.0,12.0,9.4,10.7,70.6,75.5,2017-18
23,MIDDLESEX,3845,OLD BRIDGE TWP,732,117464,13.6,12.0,12.5,10.7,85.1,75.5,2017-18
23,MIDDLESEX,4090,PERTH AMBOY CITY,891,117464,9.8,12.0,9.8,10.7,71.3,75.5,2017-18
23,MIDDLESEX,4130,PISCATAWAY TWP,550,117464,10.2,12.0,9.1,10.7,70.0,75.5,2017-18
23,MIDDLESEX,4660,SAYREVILLE BORO,478,117464,11.5,12.0,10.6,10.7,74.7,75.5,2017-18
23,MIDDLESEX,4830,SOUTH AMBOY CITY,91,117464,13.6,12.0,12.1,10.7,78.0,75.5,2017-18
23,MIDDLESEX,4860,SOUTH BRUNSWICK TWP,623,117464,13.3,12.0,11.6,10.7,80.7,75.5,2017-18
23,MIDDLESEX,4910,SOUTH PLAINFIELD BORO,274,117464,13.3,12.0,13.3,10.7,83.9,75.5,2017-18
23,MIDDLESEX,4920,SOUTH RIVER BORO,182,117464,11.9,12.0,9.8,10.7,75.8,75.5,2017-18
23,MIDDLESEX,4970,SPOTSWOOD BORO,142,117464,10.0,12.0,9.4,10.7,77.5,75.5,2017-18
23,MIDDLESEX,5850,WOODBRIDGE TWP,1099,117464,12.9,12.0,11.7,10.7,85.4,75.5,2017-18
25,MONMOUTH,0100,ASBURY PARK CITY,227,117464,17.0,12.0,13.4,10.7,81.1,75.5,2017-18
25,MONMOUTH,0130,ATLANTIC HIGHLANDS BORO,31,117464,13.6,12.0,13.0,10.7,87.1,75.5,2017-18
25,MONMOUTH,0180,AVON BORO,19,117464,8.2,12.0,3.9,10.7,31.6,75.5,2017-18
25,MONMOUTH,0225,BAYSHORE JOINTURE COMM,15,117464,2.8,12.0,2.8,10.7,53.3,75.5,2017-18
25,MONMOUTH,0270,BELMAR BORO,57,117464,13.2,12.0,9.9,10.7,66.7,75.5,2017-18
25,MONMOUTH,0500,BRADLEY BEACH BORO,37,117464,10.1,12.0,8.4,10.7,54.1,75.5,2017-18
25,MONMOUTH,0560,BRIELLE BORO,48,117464,14.4,12.0,14.4,10.7,91.7,75.5,2017-18
25,MONMOUTH,0945,COLTS NECK TWP,114,117464,16.4,12.0,13.8,10.7,93.0,75.5,2017-18
25,MONMOUTH,1000,DEAL BORO,18,117464,10.1,12.0,9.2,10.7,58.8,75.5,2017-18
25,MONMOUTH,1260,EATONTOWN BORO,7,117464,2.4,12.0,2.4,10.7,14.3,75.5,2017-18
25,MONMOUTH,1440,FAIR HAVEN BORO,89,117464,10.3,12.0,8.5,10.7,61.8,75.5,2017-18
25,MONMOUTH,1490,FARMINGDALE BORO,25,117464,10.2,12.0,9.0,10.7,72.0,75.5,2017-18
25,MONMOUTH,1640,FREEHOLD BORO,134,117464,8.6,12.0,6.1,10.7,45.5,75.5,2017-18
25,MONMOUTH,1650,FREEHOLD REGIONAL,784,117464,12.7,12.0,12.0,10.7,83.2,75.5,2017-18
25,MONMOUTH,1660,FREEHOLD TWP,350,117464,11.5,12.0,10.5,10.7,79.9,75.5,2017-18
25,MONMOUTH,2105,HAZLET TWP,255,117464,11.5,12.0,11.4,10.7,81.2,75.5,2017-18
25,MONMOUTH,2120,HENRY HUDSON REGIONAL,40,117464,11.0,12.0,10.7,10.7,70.0,75.5,2017-18
25,MONMOUTH,2160,HIGHLANDS BORO,24,117464,11.6,12.0,10.4,10.7,70.8,75.5,2017-18
25,MONMOUTH,2230,HOLMDEL TWP,267,117464,11.2,12.0,11.2,10.7,74.5,75.5,2017-18
25,MONMOUTH,2290,HOWELL TWP,497,117464,13.7,12.0,13.5,10.7,87.3,75.5,2017-18
25,MONMOUTH,2400,KEANSBURG BORO,194,117464,12.0,12.0,10.9,10.7,70.6,75.5,2017-18
25,MONMOUTH,2430,KEYPORT BORO,105,117464,10.4,12.0,10.4,10.7,67.6,75.5,2017-18
25,MONMOUTH,2720,LITTLE SILVER BORO,83,117464,9.6,12.0,9.6,10.7,68.7,75.5,2017-18
25,MONMOUTH,2770,LONG BRANCH CITY,503,117464,10.3,12.0,10.2,10.7,75.1,75.5,2017-18
25,MONMOUTH,2920,MANALAPAN-ENGLISHTOWN REG,415,117464,11.2,12.0,10.9,10.7,77.1,75.5,2017-18
25,MONMOUTH,2930,MANASQUAN BORO,140,117464,10.4,12.0,9.6,10.7,62.1,75.5,2017-18
25,MONMOUTH,3030,MARLBORO TWP,446,117464,11.7,12.0,10.0,10.7,74.4,75.5,2017-18
25,MONMOUTH,3040,MATAWAN-ABERDEEN REGIONAL,341,117464,10.6,12.0,10.6,10.7,75.7,75.5,2017-18
25,MONMOUTH,3160,MIDDLETOWN TWP,789,117464,13.2,12.0,11.0,10.7,77.6,75.5,2017-18
25,MONMOUTH,3200,MILLSTONE TWP,103,117464,10.7,12.0,8.4,10.7,71.8,75.5,2017-18
25,MONMOUTH,3250,MONMOUTH BEACH BORO,28,117464,12.7,12.0,10.0,10.7,82.1,75.5,2017-18
25,MONMOUTH,3255,MONMOUTH-OCEAN ED SER COM,48,117464,17.2,12.0,11.5,10.7,81.3,75.5,2017-18
25,MONMOUTH,3260,MONMOUTH CO VOCATIONAL,218,117464,14.7,12.0,12.2,10.7,83.5,75.5,2017-18
25,MONMOUTH,3270,MONMOUTH REGIONAL,96,117464,12.1,12.0,11.6,10.7,75.0,75.5,2017-18
25,MONMOUTH,3500,NEPTUNE CITY,34,117464,9.2,12.0,6.1,10.7,47.1,75.5,2017-18
25,MONMOUTH,3510,NEPTUNE TWP,390,117464,11.4,12.0,10.1,10.7,74.4,75.5,2017-18
25,MONMOUTH,3810,OCEAN TWP,362,117464,12.7,12.0,11.3,10.7,81.2,75.5,2017-18
25,MONMOUTH,3830,OCEANPORT BORO,58,117464,14.0,12.0,11.8,10.7,87.7,75.5,2017-18
25,MONMOUTH,4360,RED BANK BORO,109,117464,8.9,12.0,6.5,10.7,60.2,75.5,2017-18
25,MONMOUTH,4365,RED BANK REGIONAL,115,117464,8.9,12.0,8.8,10.7,68.7,75.5,2017-18
25,MONMOUTH,4520,ROOSEVELT BORO,12,117464,13.4,12.0,9.3,10.7,75.0,75.5,2017-18
25,MONMOUTH,4570,RUMSON BORO,91,117464,13.3,12.0,10.8,10.7,74.7,75.5,2017-18
25,MONMOUTH,4580,RUMSON-FAIR HAVEN REG,87,117464,12.2,12.0,10.4,10.7,83.9,75.5,2017-18
25,MONMOUTH,4690,SEA GIRT BORO,21,117464,13.7,12.0,9.0,10.7,75.0,75.5,2017-18
25,MONMOUTH,4760,SHORE REGIONAL,56,117464,13.5,12.0,12.1,10.7,89.3,75.5,2017-18
25,MONMOUTH,4770,SHREWSBURY BORO,45,117464,10.0,12.0,9.9,10.7,68.9,75.5,2017-18
25,MONMOUTH,4980,SPRING LAKE BORO,26,117464,13.2,12.0,10.6,10.7,65.4,75.5,2017-18
25,MONMOUTH,4990,SPRING LAKE HEIGHTS BORO,35,117464,15.4,12.0,12.6,10.7,80.0,75.5,2017-18
25,MONMOUTH,5185,TINTON FALLS,158,117464,11.5,12.0,10.5,10.7,73.4,75.5,2017-18
25,MONMOUTH,5230,UNION BEACH,63,117464,11.1,12.0,11.1,10.7,84.1,75.5,2017-18
25,MONMOUTH,5310,UPPER FREEHOLD REGIONAL,203,117464,11.6,12.0,11.6,10.7,80.3,75.5,2017-18
25,MONMOUTH,5420,WALL TWP,364,117464,12.1,12.0,10.8,10.7,76.4,75.5,2017-18
25,MONMOUTH,5640,WEST LONG BRANCH BORO,60,117464,10.7,12.0,10.4,10.7,70.0,75.5,2017-18
27,MORRIS,0450,BOONTON TOWN,128,117464,10.3,12.0,10.3,10.7,76.6,75.5,2017-18
27,MORRIS,0460,BOONTON TWP,40,117464,13.1,12.0,9.6,10.7,75.0,75.5,2017-18
27,MORRIS,0630,BUTLER BORO,108,117464,11.7,12.0,11.3,10.7,78.7,75.5,2017-18
27,MORRIS,0785,SCH DIST OF THE CHATHAMS,337,117464,9.9,12.0,7.7,10.7,66.4,75.5,2017-18
27,MORRIS,0820,CHESTER TWP,114,117464,12.9,12.0,11.6,10.7,81.6,75.5,2017-18
27,MORRIS,1090,DENVILLE TWP,157,117464,8.8,12.0,8.8,10.7,69.4,75.5,2017-18
27,MORRIS,1110,DOVER TOWN,223,117464,12.8,12.0,10.2,10.7,69.1,75.5,2017-18
27,MORRIS,1190,EAST HANOVER TWP,104,117464,10.8,12.0,9.4,10.7,70.3,75.5,2017-18
27,MORRIS,1530,FLORHAM PARK BORO,93,117464,11.2,12.0,9.6,10.7,69.9,75.5,2017-18
27,MORRIS,1990,HANOVER PARK REGIONAL,139,117464,9.8,12.0,9.8,10.7,75.5,75.5,2017-18
27,MORRIS,2000,HANOVER TWP,136,117464,11.9,12.0,9.7,10.7,74.3,75.5,2017-18
27,MORRIS,2010,HARDING TOWNSHIP,39,117464,9.3,12.0,8.6,10.7,79.5,75.5,2017-18
27,MORRIS,2380,JEFFERSON TWP,260,117464,10.1,12.0,10.0,10.7,75.0,75.5,2017-18
27,MORRIS,2460,KINNELON BORO,174,117464,14.0,12.0,10.6,10.7,81.6,75.5,2017-18
27,MORRIS,2650,LINCOLN PARK BORO,83,117464,12.8,12.0,11.4,10.7,78.3,75.5,2017-18
27,MORRIS,2870,MADISON BORO,214,117464,11.7,12.0,9.1,10.7,75.1,75.5,2017-18
27,MORRIS,3090,MENDHAM BORO,54,117464,10.0,12.0,8.4,10.7,53.7,75.5,2017-18
27,MORRIS,3100,MENDHAM TWP,74,117464,12.7,12.0,10.3,10.7,73.0,75.5,2017-18
27,MORRIS,3240,MINE HILL TWP,34,117464,11.0,12.0,9.3,10.7,76.5,75.5,2017-18
27,MORRIS,3340,MONTVILLE TWP,382,117464,10.9,12.0,10.3,10.7,73.0,75.5,2017-18
27,MORRIS,3364,EDUC SERV COMM MORRIS CO,39,117464,10.7,12.0,8.8,10.7,56.4,75.5,2017-18
27,MORRIS,3365,MORRIS COUNTY VOCATIONAL,74,117464,9.1,12.0,7.5,10.7,66.2,75.5,2017-18
27,MORRIS,3370,MORRIS HILLS REGIONAL,259,117464,12.3,12.0,9.9,10.7,72.9,75.5,2017-18
27,MORRIS,3380,MORRIS PLAINS BORO,63,117464,11.6,12.0,9.6,10.7,71.4,75.5,2017-18
27,MORRIS,3385,MORRIS SCHOOL DISTRICT,447,117464,10.4,12.0,10.3,10.7,72.3,75.5,2017-18
27,MORRIS,3410,MOUNT ARLINGTON BORO,38,117464,11.5,12.0,9.7,10.7,71.1,75.5,2017-18
27,MORRIS,3450,MOUNT OLIVE TWP,366,117464,10.5,12.0,10.5,10.7,80.1,75.5,2017-18
27,MORRIS,3460,MOUNTAIN LAKES BORO,155,117464,12.7,12.0,12.1,10.7,77.4,75.5,2017-18
27,MORRIS,3520,NETCONG BORO,25,117464,12.3,12.0,11.3,10.7,68.0,75.5,2017-18
27,MORRIS,3950,PARSIPPANY-TROY HILLS TWP,646,117464,10.9,12.0,10.9,10.7,81.4,75.5,2017-18
27,MORRIS,4000,LONG HILL TWP,82,117464,13.0,12.0,10.8,10.7,67.1,75.5,2017-18
27,MORRIS,4080,PEQUANNOCK TWP,178,117464,13.4,12.0,9.9,10.7,70.8,75.5,2017-18
27,MORRIS,4330,RANDOLPH TWP,414,117464,10.0,12.0,9.7,10.7,72.0,75.5,2017-18
27,MORRIS,4440,RIVERDALE BORO,32,117464,10.9,12.0,8.1,10.7,71.9,75.5,2017-18
27,MORRIS,4480,ROCKAWAY BORO,53,117464,8.6,12.0,8.6,10.7,66.0,75.5,2017-18
27,MORRIS,4490,ROCKAWAY TWP,229,117464,11.6,12.0,11.6,10.7,81.7,75.5,2017-18
27,MORRIS,4560,ROXBURY TWP,329,117464,11.8,12.0,9.9,10.7,74.8,75.5,2017-18
27,MORRIS,5520,WASHINGTON TWP,210,117464,13.7,12.0,11.5,10.7,82.4,75.5,2017-18
27,MORRIS,5660,WEST MORRIS REGIONAL,196,117464,12.7,12.0,10.9,10.7,73.0,75.5,2017-18
27,MORRIS,5770,WHARTON BORO,79,117464,11.4,12.0,10.3,10.7,73.4,75.5,2017-18
29,OCEAN,0185,BARNEGAT TWP,278,117464,9.4,12.0,9.4,10.7,71.2,75.5,2017-18
29,OCEAN,0210,BAY HEAD BORO,18,117464,13.2,12.0,10.3,10.7,66.7,75.5,2017-18
29,OCEAN,0230,BEACH HAVEN BORO,14,117464,15.8,12.0,11.7,10.7,57.1,75.5,2017-18
29,OCEAN,0320,BERKELEY TWP,176,117464,13.2,12.0,11.3,10.7,82.4,75.5,2017-18
29,OCEAN,0530,BRICK TWP,768,117464,13.4,12.0,13.4,10.7,87.1,75.5,2017-18
29,OCEAN,0770,CENTRAL REGIONAL,155,117464,11.9,12.0,11.9,10.7,78.7,75.5,2017-18
29,OCEAN,1150,EAGLESWOOD TWP,18,117464,15.7,12.0,13.6,10.7,72.2,75.5,2017-18
29,OCEAN,2350,ISLAND HEIGHTS BORO,15,117464,14.6,12.0,12.3,10.7,66.7,75.5,2017-18
29,OCEAN,2360,JACKSON TWP,676,117464,13.7,12.0,10.6,10.7,79.4,75.5,2017-18
29,OCEAN,2480,LACEY TWP,353,117464,13.9,12.0,12.8,10.7,85.0,75.5,2017-18
29,OCEAN,2500,LAKEHURST BORO,37,117464,10.7,12.0,8.1,10.7,67.6,75.5,2017-18
29,OCEAN,2520,LAKEWOOD TWP,493,117464,8.8,12.0,8.5,10.7,63.3,75.5,2017-18
29,OCEAN,2550,LAVALLETTE BORO,20,117464,16.1,12.0,14.0,10.7,90.0,75.5,2017-18
29,OCEAN,2690,LITTLE EGG HARBOR TWP,146,117464,12.0,12.0,11.8,10.7,82.8,75.5,2017-18
29,OCEAN,2760,LONG BEACH ISLAND,34,117464,13.9,12.0,12.9,10.7,76.5,75.5,2017-18
29,OCEAN,2940,MANCHESTER TWP,285,117464,12.5,12.0,11.0,10.7,78.6,75.5,2017-18
29,OCEAN,3790,OCEAN COUNTY VOCATIONAL,106,117464,10.8,12.0,10.7,10.7,84.8,75.5,2017-18
29,OCEAN,3800,OCEAN GATE BORO,18,117464,18.3,12.0,17.4,10.7,88.9,75.5,2017-18
29,OCEAN,3820,OCEAN TWP,52,117464,13.0,12.0,12.8,10.7,75.0,75.5,2017-18
29,OCEAN,4105,PINELANDS REGIONAL,157,117464,14.3,12.0,12.5,10.7,88.5,75.5,2017-18
29,OCEAN,4190,PLUMSTED TWP,140,117464,11.7,12.0,9.8,10.7,75.0,75.5,2017-18
29,OCEAN,4210,POINT PLEASANT BORO,242,117464,11.2,12.0,11.2,10.7,82.6,75.5,2017-18
29,OCEAN,4220,POINT PLEASANT BEACH BORO,77,117464,14.4,12.0,11.0,10.7,81.1,75.5,2017-18
29,OCEAN,4710,SEASIDE HEIGHTS BORO,24,117464,14.0,12.0,14.0,10.7,87.5,75.5,2017-18
29,OCEAN,4950,SOUTHERN REGIONAL,223,117464,14.5,12.0,14.5,10.7,83.9,75.5,2017-18
29,OCEAN,5020,STAFFORD TWP,184,117464,12.0,12.0,12.0,10.7,77.7,75.5,2017-18
29,OCEAN,5190,TOMS RIVER REGIONAL,1208,117464,13.3,12.0,12.2,10.7,84.4,75.5,2017-18
29,OCEAN,5220,TUCKERTON BORO,30,117464,13.5,12.0,11.5,10.7,80.0,75.5,2017-18
31,PASSAIC,0420,BLOOMINGDALE BORO,48,117464,13.2,12.0,11.6,10.7,81.3,75.5,2017-18
31,PASSAIC,0900,CLIFTON CITY,849,117464,13.5,12.0,12.1,10.7,81.0,75.5,2017-18
31,PASSAIC,1920,HALEDON BORO,100,117464,10.9,12.0,9.5,10.7,69.0,75.5,2017-18
31,PASSAIC,2100,HAWTHORNE BORO,205,117464,10.6,12.0,9.8,10.7,68.3,75.5,2017-18
31,PASSAIC,2510,LAKELAND REGIONAL,88,117464,14.1,12.0,12.4,10.7,83.0,75.5,2017-18
31,PASSAIC,2700,LITTLE FALLS TWP,91,117464,9.7,12.0,9.7,10.7,72.5,75.5,2017-18
31,PASSAIC,3640,NORTH HALEDON BORO,59,117464,10.2,12.0,8.3,10.7,61.0,75.5,2017-18
31,PASSAIC,3970,PASSAIC CITY,1010,117464,11.9,12.0,11.1,10.7,79.7,75.5,2017-18
31,PASSAIC,3975,NORTHERN REGION EDUCATIONAL SERVICES COMMISSION,23,117464,21.2,12.0,13.9,10.7,93.3,75.5,2017-18
31,PASSAIC,3980,PASSAIC CO MANCHESTER REG,59,117464,11.3,12.0,9.6,10.7,74.6,75.5,2017-18
31,PASSAIC,3990,PASSAIC VALLEY REGIONAL,106,117464,14.0,12.0,10.5,10.7,80.2,75.5,2017-18
31,PASSAIC,3995,PASSAIC COUNTY VOCATIONAL,302,117464,11.7,12.0,11.4,10.7,83.1,75.5,2017-18
31,PASSAIC,4010,PATERSON CITY,2029,117464,10.8,12.0,10.7,10.7,70.9,75.5,2017-18
31,PASSAIC,4230,POMPTON LAKES BORO,149,117464,13.7,12.0,11.8,10.7,81.9,75.5,2017-18
31,PASSAIC,4270,PROSPECT PARK BORO,65,117464,11.8,12.0,10.6,10.7,83.1,75.5,2017-18
31,PASSAIC,4400,RINGWOOD BORO,106,117464,11.4,12.0,9.7,10.7,79.2,75.5,2017-18
31,PASSAIC,5200,TOTOWA BORO,79,117464,9.9,12.0,9.9,10.7,74.7,75.5,2017-18
31,PASSAIC,5440,WANAQUE BORO,91,117464,9.9,12.0,8.9,10.7,68.1,75.5,2017-18
31,PASSAIC,5570,WAYNE TWP,663,117464,12.9,12.0,11.2,10.7,82.1,75.5,2017-18
31,PASSAIC,5650,WEST MILFORD TWP,312,117464,11.7,12.0,11.4,10.7,83.3,75.5,2017-18
31,PASSAIC,5690,WOODLAND PARK,91,117464,9.0,12.0,9.0,10.7,72.5,75.5,2017-18
33,SALEM,0060,ALLOWAY TWP,30,117464,15.5,12.0,11.7,10.7,73.3,75.5,2017-18
33,SALEM,1350,ELSINBORO TWP,17,117464,11.9,12.0,7.4,10.7,58.8,75.5,2017-18
33,SALEM,2800,LOWER ALLOWAYS CREEK,21,117464,17.0,12.0,15.2,10.7,71.4,75.5,2017-18
33,SALEM,2950,MANNINGTON TWP,17,117464,11.8,12.0,11.3,10.7,52.9,75.5,2017-18
33,SALEM,3860,OLDMANS TWP,25,117464,7.9,12.0,7.0,10.7,56.0,75.5,2017-18
33,SALEM,4070,PENNS GRV-CARNEY'S PT REG,180,117464,14.2,12.0,12.7,10.7,83.1,75.5,2017-18
33,SALEM,4075,PENNSVILLE,166,117464,14.2,12.0,11.5,10.7,78.9,75.5,2017-18
33,SALEM,4150,PITTSGROVE TWP,143,117464,12.1,12.0,10.5,10.7,72.7,75.5,2017-18
33,SALEM,4280,QUINTON TWP,30,117464,10.1,12.0,8.0,10.7,56.7,75.5,2017-18
33,SALEM,4630,SALEM CITY,118,117464,8.8,12.0,7.3,10.7,66.1,75.5,2017-18
33,SALEM,4635,SALEM CO SPECIAL SERVICE,46,117464,9.7,12.0,9.6,10.7,90.9,75.5,2017-18
33,SALEM,4640,SALEM COUNTY VOCATIONAL,46,117464,11.8,12.0,8.7,10.7,69.6,75.5,2017-18
33,SALEM,5320,UPPER PITTSGROVE TWP,34,117464,15.9,12.0,14.1,10.7,88.2,75.5,2017-18
33,SALEM,5910,WOODSTOWN-PILESGROVE REG,138,117464,14.0,12.0,11.3,10.7,82.6,75.5,2017-18
35,SOMERSET,0240,BEDMINSTER TWP,57,117464,13.6,12.0,9.8,10.7,75.4,75.5,2017-18
35,SOMERSET,0350,BERNARDS TWP,484,117464,10.0,12.0,10.0,10.7,77.5,75.5,2017-18
35,SOMERSET,0490,BOUND BROOK BORO,151,117464,10.0,12.0,8.1,10.7,61.6,75.5,2017-18
35,SOMERSET,0510,BRANCHBURG TWP,157,117464,13.0,12.0,11.5,10.7,80.3,75.5,2017-18
35,SOMERSET,0555,BRIDGEWATER-RARITAN REG,786,117464,12.1,12.0,11.9,10.7,86.4,75.5,2017-18
35,SOMERSET,1610,FRANKLIN TWP,709,117464,11.7,12.0,9.0,10.7,68.0,75.5,2017-18
35,SOMERSET,1810,GREEN BROOK TWP,83,117464,11.2,12.0,9.7,10.7,71.6,75.5,2017-18
35,SOMERSET,2170,HILLSBOROUGH TWP,667,117464,14.3,12.0,12.1,10.7,79.0,75.5,2017-18
35,SOMERSET,3000,MANVILLE BORO,110,117464,9.2,12.0,8.3,10.7,63.6,75.5,2017-18
35,SOMERSET,3320,MONTGOMERY TWP,412,117464,10.8,12.0,10.1,10.7,76.0,75.5,2017-18
35,SOMERSET,3670,NORTH PLAINFIELD BORO,299,117464,9.8,12.0,8.8,10.7,69.9,75.5,2017-18
35,SOMERSET,4805,SOMERSET CO ED SERV COMM,26,117464,12.0,12.0,6.8,10.7,42.3,75.5,2017-18
35,SOMERSET,4810,SOMERSET CO VOCATIONAL,60,117464,10.6,12.0,8.5,10.7,66.7,75.5,2017-18
35,SOMERSET,4815,SOMERSET HILLS REGIONAL,159,117464,10.8,12.0,10.8,10.7,75.5,75.5,2017-18
35,SOMERSET,4820,SOMERVILLE BORO,201,117464,9.9,12.0,9.0,10.7,64.7,75.5,2017-18
35,SOMERSET,4850,SOUTH BOUND BROOK,38,117464,10.4,12.0,9.9,10.7,57.9,75.5,2017-18
35,SOMERSET,5470,WARREN TWP,201,117464,14.2,12.0,12.8,10.7,86.1,75.5,2017-18
35,SOMERSET,5540,WATCHUNG BORO,59,117464,10.5,12.0,9.9,10.7,78.0,75.5,2017-18
35,SOMERSET,5550,WATCHUNG HILLS REGIONAL,157,117464,11.7,12.0,11.0,10.7,89.2,75.5,2017-18
37,SUSSEX,0090,ANDOVER REG,49,117464,10.9,12.0,10.9,10.7,71.4,75.5,2017-18
37,SUSSEX,0640,BYRAM TWP,87,117464,12.1,12.0,9.9,10.7,69.0,75.5,2017-18
37,SUSSEX,1560,FRANKFORD TWP,59,117464,13.4,12.0,12.9,10.7,71.2,75.5,2017-18
37,SUSSEX,1570,FRANKLIN BORO,50,117464,5.9,12.0,2.6,10.7,12.5,75.5,2017-18
37,SUSSEX,1630,FREDON TWP,28,117464,9.5,12.0,7.6,10.7,78.6,75.5,2017-18
37,SUSSEX,1800,GREEN TWP,43,117464,13.1,12.0,11.3,10.7,90.7,75.5,2017-18
37,SUSSEX,1930,HAMBURG BORO,30,117464,13.3,12.0,12.0,10.7,76.7,75.5,2017-18
37,SUSSEX,1980,HAMPTON TWP,37,117464,12.1,12.0,11.2,10.7,78.4,75.5,2017-18
37,SUSSEX,2030,HARDYSTON TWP,70,117464,11.8,12.0,11.2,10.7,78.6,75.5,2017-18
37,SUSSEX,2165,HIGH POINT REGIONAL,86,117464,15.4,12.0,13.2,10.7,83.7,75.5,2017-18
37,SUSSEX,2240,HOPATCONG,154,117464,12.9,12.0,12.7,10.7,83.1,75.5,2017-18
37,SUSSEX,2465,KITTATINNY REGIONAL,101,117464,13.7,12.0,11.5,10.7,84.2,75.5,2017-18
37,SUSSEX,2490,LAFAYETTE TWP,30,117464,14.9,12.0,13.3,10.7,86.7,75.5,2017-18
37,SUSSEX,2615,LENAPE VALLEY REGIONAL,60,117464,16.0,12.0,12.4,10.7,80.0,75.5,2017-18
37,SUSSEX,3300,MONTAGUE TWP,28,117464,15.2,12.0,13.3,10.7,92.9,75.5,2017-18
37,SUSSEX,3590,NEWTON TOWN,144,117464,12.5,12.0,12.0,10.7,85.4,75.5,2017-18
37,SUSSEX,3840,OGDENSBURG BORO,27,117464,10.4,12.0,7.8,10.7,59.3,75.5,2017-18
37,SUSSEX,4650,SANDYSTON-WALPACK TWP,19,117464,15.8,12.0,13.4,10.7,94.7,75.5,2017-18
37,SUSSEX,4960,SPARTA TWP,276,117464,11.8,12.0,10.5,10.7,79.3,75.5,2017-18
37,SUSSEX,5030,STANHOPE BORO,32,117464,12.1,12.0,9.9,10.7,53.1,75.5,2017-18
37,SUSSEX,5040,STILLWATER TWP,35,117464,13.5,12.0,10.6,10.7,80.0,75.5,2017-18
37,SUSSEX,5100,SUSSEX-WANTAGE REGIONAL,109,117464,12.2,12.0,11.9,10.7,75.2,75.5,2017-18
37,SUSSEX,5105,SUSSEX CO ED SERV COMM,9,117464,8.4,12.0,7.6,10.7,66.7,75.5,2017-18
37,SUSSEX,5110,SUSSEX COUNTY VOCATIONAL,62,117464,8.7,12.0,8.7,10.7,69.4,75.5,2017-18
37,SUSSEX,5360,VERNON TWP,290,117464,14.5,12.0,13.5,10.7,82.4,75.5,2017-18
37,SUSSEX,5435,WALLKILL VALLEY REGIONAL,59,117464,15.7,12.0,12.4,10.7,71.2,75.5,2017-18
39,UNION,0310,BERKELEY HEIGHTS TWP,229,117464,13.1,12.0,11.6,10.7,83.0,75.5,2017-18
39,UNION,0850,CLARK TWP,180,117464,12.5,12.0,11.1,10.7,82.1,75.5,2017-18
39,UNION,0980,CRANFORD TWP,336,117464,13.1,12.0,10.7,10.7,77.1,75.5,2017-18
39,UNION,1320,ELIZABETH CITY,2125,117464,11.4,12.0,11.4,10.7,83.2,75.5,2017-18
39,UNION,1710,GARWOOD BORO,33,117464,12.4,12.0,8.4,10.7,54.5,75.5,2017-18
39,UNION,2190,HILLSIDE TWP,264,117464,12.4,12.0,10.5,10.7,74.2,75.5,2017-18
39,UNION,2420,KENILWORTH BORO,127,117464,11.2,12.0,9.9,10.7,79.5,75.5,2017-18
39,UNION,2660,LINDEN CITY,557,117464,11.9,12.0,10.7,10.7,77.8,75.5,2017-18
39,UNION,3395,MORRIS-UNION JOINTURE COM,55,117464,14.1,12.0,13.0,10.7,86.8,75.5,2017-18
39,UNION,3470,MOUNTAINSIDE BORO,68,117464,10.5,12.0,7.1,10.7,58.8,75.5,2017-18
39,UNION,3560,NEW PROVIDENCE BORO,192,117464,13.4,12.0,10.6,10.7,75.0,75.5,2017-18
39,UNION,4160,PLAINFIELD CITY,599,117464,13.2,12.0,10.3,10.7,74.1,75.5,2017-18
39,UNION,4290,RAHWAY CITY,332,117464,11.4,12.0,11.3,10.7,76.5,75.5,2017-18
39,UNION,4540,ROSELLE BORO,225,117464,9.8,12.0,9.8,10.7,73.3,75.5,2017-18
39,UNION,4550,ROSELLE PARK BORO,183,117464,13.6,12.0,12.2,10.7,83.6,75.5,2017-18
39,UNION,4670,SCOTCH PLAINS-FANWOOD REG,447,117464,10.7,12.0,9.9,10.7,75.4,75.5,2017-18
39,UNION,5000,SPRINGFIELD TWP,169,117464,12.8,12.0,11.0,10.7,80.5,75.5,2017-18
39,UNION,5090,SUMMIT CITY,364,117464,9.1,12.0,9.1,10.7,70.3,75.5,2017-18
39,UNION,5245,UNION CO ED SERV COMM,105,117464,14.5,12.0,10.0,10.7,61.8,75.5,2017-18
39,UNION,5260,UNION COUNTY VOCATIONAL,144,117464,8.8,12.0,7.3,10.7,59.0,75.5,2017-18
39,UNION,5290,UNION TWP,646,117464,11.3,12.0,10.4,10.7,78.0,75.5,2017-18
39,UNION,5730,WESTFIELD TOWN,513,117464,11.6,12.0,11.6,10.7,82.1,75.5,2017-18
39,UNION,5810,WINFIELD TWP,18,117464,11.8,12.0,7.5,10.7,50.0,75.5,2017-18
41,WARREN,0030,ALLAMUCHY TWP,33,117464,10.8,12.0,10.8,10.7,78.8,75.5,2017-18
41,WARREN,0070,ALPHA BORO,22,117464,14.7,12.0,13.3,10.7,86.4,75.5,2017-18
41,WARREN,0280,BELVIDERE TOWN,69,117464,14.0,12.0,11.7,10.7,87.0,75.5,2017-18
41,WARREN,0400,BLAIRSTOWN TWP,48,117464,12.0,12.0,10.6,10.7,75.0,75.5,2017-18
41,WARREN,1620,FRANKLIN TWP,27,117464,12.9,12.0,11.2,10.7,81.5,75.5,2017-18
41,WARREN,1670,FRELINGHUYSEN TWP,14,117464,12.7,12.0,7.1,10.7,50.0,75.5,2017-18
41,WARREN,1785,GREAT MEADOWS REGIONAL,76,117464,12.9,12.0,10.7,10.7,67.1,75.5,2017-18
41,WARREN,1840,GREENWICH TWP,68,117464,12.9,12.0,10.4,10.7,78.8,75.5,2017-18
41,WARREN,1870,HACKETTSTOWN,160,117464,12.9,12.0,11.1,10.7,79.4,75.5,2017-18
41,WARREN,2040,HARMONY TWP,29,117464,11.6,12.0,8.7,10.7,69.0,75.5,2017-18
41,WARREN,2250,HOPE TWP,19,117464,9.4,12.0,8.4,10.7,75.0,75.5,2017-18
41,WARREN,2470,KNOWLTON TWP,24,117464,13.4,12.0,11.6,10.7,83.3,75.5,2017-18
41,WARREN,2790,LOPATCONG TWP,56,117464,14.2,12.0,11.7,10.7,94.6,75.5,2017-18
41,WARREN,2970,MANSFIELD TWP,60,117464,14.7,12.0,13.1,10.7,83.3,75.5,2017-18
41,WARREN,3675,NORTH WARREN REGIONAL,80,117464,12.8,12.0,10.2,10.7,86.3,75.5,2017-18
41,WARREN,3890,OXFORD TWP,33,117464,12.2,12.0,10.2,10.7,81.8,75.5,2017-18
41,WARREN,4100,PHILLIPSBURG TOWN,334,117464,14.6,12.0,13.1,10.7,81.7,75.5,2017-18
41,WARREN,4200,POHATCONG TWP,29,117464,15.8,12.0,12.7,10.7,86.2,75.5,2017-18
41,WARREN,5450,WARREN CO SPECIAL SERVICE,10,117464,18.2,12.0,15.6,10.7,80.0,75.5,2017-18
41,WARREN,5460,WARREN COUNTY VOCATIONAL,42,117464,11.4,12.0,9.5,10.7,83.3,75.5,2017-18
41,WARREN,5465,WARREN HILLS REGIONAL,153,117464,13.4,12.0,10.6,10.7,77.6,75.5,2017-18
41,WARREN,5480,WASHINGTON BORO,48,117464,15.0,12.0,13.2,10.7,70.8,75.5,2017-18
41,WARREN,5530,WASHINGTON TWP,47,117464,10.9,12.0,10.4,10.7,66.0,75.5,2017-18
41,WARREN,5780,WHITE TWP,36,117464,15.6,12.0,13.6,10.7,94.4,75.5,2017-18
80,CHARTERS,6010,ACADEMY CHARTER HIGH SCHOOL,17,117464,10.4,12.0,5.8,10.7,64.7,75.5,2017-18
80,CHARTERS,6013,BERGEN ARTS AND SCIENCES CHARTER SCHOOL,82,117464,4.1,12.0,3.4,10.7,42.0,75.5,2017-18
80,CHARTERS,6017,FOUNDATION ACADEMY CS,75,117464,5.0,12.0,2.4,10.7,24.0,75.5,2017-18
80,CHARTERS,6018,CENTRAL JERSEY COLLEGE PREP CHARTER SCHOOL,52,117464,4.4,12.0,2.0,10.7,23.1,75.5,2017-18
80,CHARTERS,6020,PRIDE ACADEMY CHARTER SCHOOL,25,117464,6.1,12.0,4.2,10.7,56.0,75.5,2017-18
80,CHARTERS,6021,COMMUNITY CHARTER SCHOOL OF PATERSO,78,117464,4.3,12.0,3.8,10.7,58.3,75.5,2017-18
80,CHARTERS,6022,BURCH CHARTER SCHOOL OF EXCELLENCE,25,117464,5.8,12.0,5.6,10.7,92.0,75.5,2017-18
80,CHARTERS,6025,PAUL ROBESON HUMANITIES  CHARTER SCHOOL,30,117464,5.5,12.0,2.3,10.7,20.0,75.5,2017-18
80,CHARTERS,6026,RIVERBANK CHARTER SCHOOL OF EXCELLE,14,117464,5.1,12.0,3.4,10.7,35.7,75.5,2017-18
80,CHARTERS,6028,VINELAND PUBLIC CHARTER SCHOOL,36,117464,2.3,12.0,1.5,10.7,11.1,75.5,2017-18
80,CHARTERS,6029,NEWARK EDUCATORS COMMUNITY CHARTER SCHOOL,17,117464,5.2,12.0,3.3,10.7,20.0,75.5,2017-18
80,CHARTERS,6030,THE ETHICAL COMMUNITY CHARTER SCHOOL,35,117464,7.7,12.0,4.2,10.7,64.7,75.5,2017-18
80,CHARTERS,6032,ACADEMY FOR URBAN LEADERSHIP CHARTER SCHOOL,49,117464,7.9,12.0,2.2,10.7,26.5,75.5,2017-18
80,CHARTERS,6033,THE BARACK OBAMA GREEN CHARTER HIGH SCHOOL,21,117464,5.6,12.0,2.9,10.7,28.6,75.5,2017-18
80,CHARTERS,6036,HOLA HOBOKEN DUAL LANG CS,26,117464,7.1,12.0,2.7,10.7,30.8,75.5,2017-18
80,CHARTERS,6041,HATIKVAH INTERNATIONAL CS,37,117464,6.0,12.0,1.9,10.7,24.3,75.5,2017-18
80,CHARTERS,6053,GREAT OAKS LEGACY CHARTER SCHOOL,70,117464,4.3,12.0,0.9,10.7,9.4,75.5,2017-18
80,CHARTERS,6057,PEOPLES PREPARATORY CHARTER SCHOOL,24,117464,3.5,12.0,2.3,10.7,29.2,75.5,2017-18
80,CHARTERS,6058,ROSEVILLE COMMUNITY CS,28,117464,5.3,12.0,1.3,10.7,14.3,75.5,2017-18
80,CHARTERS,6060,ATLANTIC COMMUNITY CHARTER SCHOOL,23,117464,9.5,12.0,1.0,10.7,0.0,75.5,2017-18
80,CHARTERS,6064,DR LENA EDWARDS ACADEMIC CHARTER SCHOOL,28,117464,7.4,12.0,2.4,10.7,37.0,75.5,2017-18
80,CHARTERS,6067,KINGDOM CS OF LEADERSHIP,19,117464,5.4,12.0,1.3,10.7,13.3,75.5,2017-18
80,CHARTERS,6068,M E T S CHARTER SCHOOL,54,117464,4.0,12.0,1.6,10.7,8.8,75.5,2017-18
80,CHARTERS,6069,MILLVILLE PUBLIC CHARTER SCHOOL,30,117464,1.4,12.0,1.4,10.7,6.7,75.5,2017-18
80,CHARTERS,6076,BENJAMIN BANNEKER PREP CS,16,117464,4.2,12.0,2.0,10.7,25.0,75.5,2017-18
80,CHARTERS,6079,JOHN P HOLLAND CHARTER SCHOOL,22,117464,6.3,12.0,3.2,10.7,36.4,75.5,2017-18
80,CHARTERS,6080,PASSAIC ARTS AND SCIENCE CHARTER SCHOOL,86,117464,4.5,12.0,2.2,10.7,20.9,75.5,2017-18
80,CHARTERS,6081,THOMAS EDISON ENERGYSMART CHARTER SCHOOL,27,117464,4.7,12.0,1.6,10.7,18.5,75.5,2017-18
80,CHARTERS,6082,BELOVED COMMUNITY CHARTER SCHOOL,61,117464,5.1,12.0,2.4,10.7,23.1,75.5,2017-18
80,CHARTERS,6086,HOPE COMMUNITY CS,26,117464,3.0,12.0,1.9,10.7,19.2,75.5,2017-18
80,CHARTERS,6089,COMPASS ACADEMY CS,16,117464,8.4,12.0,2.1,10.7,6.3,75.5,2017-18
80,CHARTERS,6093,JERSEY CITY GLOBAL CS,29,117464,5.7,12.0,1.6,10.7,20.7,75.5,2017-18
80,CHARTERS,6094,PHILLIP'S ACADEMY CHARTER SCHOOL,38,117464,4.8,12.0,2.4,10.7,50.0,75.5,2017-18
80,CHARTERS,6096,PATERSON ARTS AND SCIENCE CHARTER SCHOOL,44,117464,4.3,12.0,2.7,10.7,18.2,75.5,2017-18
80,CHARTERS,6099,LINK COMMUNITY CHARTER SCHOOL,32,117464,4.7,12.0,1.8,10.7,0.0,75.5,2017-18
80,CHARTERS,6100,BRIDGETON PUBLIC CHARTER SCHOOL,14,117464,2.5,12.0,2.1,10.7,21.4,75.5,2017-18
80,CHARTERS,6101,COLLEGE ACHIEVE CENTRAL CHARTER SCHOOL,55,117464,3.9,12.0,0.6,10.7,0.0,75.5,2017-18
80,CHARTERS,6102,CRESTHAVEN ACADEMY CHARTER SCHOOL,18,117464,4.3,12.0,0.5,10.7,0.0,75.5,2017-18
80,CHARTERS,6103,EMPOWERMENT ACADEMY CHARTER SCHOOL,31,117464,2.4,12.0,1.7,10.7,3.2,75.5,2017-18
80,CHARTERS,6104,INTERNATIONAL ACADEMY OF ATLANTIC CITY CHARTER SCHOOL,23,117464,1.6,12.0,0.8,10.7,0.0,75.5,2017-18
80,CHARTERS,6105,HUDSON ARTS AND SCIENCE  CHARTER SCHOOL,30,117464,3.9,12.0,1.7,10.7,0.0,75.5,2017-18
80,CHARTERS,6106,PHILIPS CHARTER SCHOOL OF PATERSON,14,117464,4.1,12.0,0.5,10.7,0.0,75.5,2017-18
80,CHARTERS,6107,CAMDENS PROMISE CHARTER SCHOOL,197,117464,7.4,12.0,5.2,10.7,47.7,75.5,2017-18
80,CHARTERS,6109,LEAD CHARTER SCHOOL,4,117464,9.0,12.0,0.0,10.7,0.0,75.5,2017-18
80,CHARTERS,6110,ACHIEVE COMMUNITY CHARTER SCHOOL,5,117464,8.8,12.0,0.0,10.7,0.0,75.5,2017-18
80,CHARTERS,6182,INTERNATIONAL ACADEMY OF TRENTON CHARTER SCHOOL,38,117464,3.1,12.0,1.2,10.7,0.0,75.5,2017-18
80,CHARTERS,6183,TRENTON STEM-TO-CIVICS CS,26,117464,4.6,12.0,0.8,10.7,0.0,75.5,2017-18
80,CHARTERS,6184,GREAT FUTURES CHARTER SCHOOL,16,117464,2.7,12.0,1.3,10.7,0.0,75.5,2017-18
80,CHARTERS,6230,CLASSICAL ACADEMY CHARTER SCHOOL ,13,117464,9.2,12.0,7.0,10.7,53.8,75.5,2017-18
80,CHARTERS,6232,ENVIRONMENT COMMUNITY CS,19,117464,4.5,12.0,2.7,10.7,26.3,75.5,2017-18
80,CHARTERS,6240,FREEDOM PREP CHARTER SCHOOL,9999999,117464,9999999.0,12.0,9999999.0,10.7,9999999.0,75.5,2017-18
80,CHARTERS,6320,DISCOVERY CS,13,117464,6.7,12.0,7.2,10.7,72.7,75.5,2017-18
80,CHARTERS,6410,EAST ORANGE COMMUNITY CS,35,117464,8.6,12.0,2.9,10.7,27.8,75.5,2017-18
80,CHARTERS,6420,ELYSIAN CS OF HOBOKEN,26,117464,11.5,12.0,8.8,10.7,80.8,75.5,2017-18
80,CHARTERS,6430,ENGLEWOOD ON THE PALISADES CHARTER SCHOOL,25,117464,11.3,12.0,8.6,10.7,64.0,75.5,2017-18
80,CHARTERS,6635,GREATER BRUNSWICK CS,36,117464,8.9,12.0,5.5,10.7,50.0,75.5,2017-18
80,CHARTERS,6665,GRAY CS,18,117464,8.6,12.0,5.5,10.7,50.0,75.5,2017-18
80,CHARTERS,6720,HOBOKEN CS,30,117464,7.2,12.0,4.9,10.7,56.7,75.5,2017-18
80,CHARTERS,6740,HOPE ACADEMY CS,24,117464,8.8,12.0,5.3,10.7,45.8,75.5,2017-18
80,CHARTERS,6810,INTERNATIONAL CHARTER SCHOOL ,10,117464,12.6,12.0,9.4,10.7,90.0,75.5,2017-18
80,CHARTERS,6910,JERSEY CITY COMM. CS,37,117464,6.4,12.0,4.5,10.7,40.5,75.5,2017-18
80,CHARTERS,6915,JERSEY CITY GOLDEN DOOR CHARTER SCHOOL,42,117464,6.7,12.0,5.3,10.7,59.5,75.5,2017-18
80,CHARTERS,7100,LADY LIBERTY ACADEMY CS,35,117464,6.3,12.0,3.8,10.7,31.4,75.5,2017-18
80,CHARTERS,7109,LEAP ACADEMY UNIVERSITY CS,103,117464,4.3,12.0,3.7,10.7,29.1,75.5,2017-18
80,CHARTERS,7115,LEARNING COMMUNITY CS,43,117464,8.5,12.0,5.9,10.7,48.8,75.5,2017-18
80,CHARTERS,7210,MARION P. THOMAS CS,118,117464,2.7,12.0,1.9,10.7,10.2,75.5,2017-18
80,CHARTERS,7290,NEW HORIZONS COMM. CS,46,117464,7.2,12.0,4.4,10.7,41.3,75.5,2017-18
80,CHARTERS,7320,NORTH STAR ACADEMY CHARTER SCHOOL,283,117464,3.8,12.0,2.8,10.7,27.6,75.5,2017-18
80,CHARTERS,7325,TEAM ACADEMY CHARTER SCHOOL,202,117464,6.2,12.0,2.4,10.7,23.8,75.5,2017-18
80,CHARTERS,7410,CHARTER~TECH HIGH SCHOOL,38,117464,9.7,12.0,7.3,10.7,65.8,75.5,2017-18
80,CHARTERS,7500,PACE CS OF HAMILTON,23,117464,7.9,12.0,7.6,10.7,60.9,75.5,2017-18
80,CHARTERS,7503,PATERSON CS FOR SCI/TECH,105,117464,3.7,12.0,2.7,10.7,31.4,75.5,2017-18
80,CHARTERS,7540,PRINCETON CS,40,117464,12.8,12.0,7.3,10.7,67.5,75.5,2017-18
80,CHARTERS,7600,QUEEN CITY ACADEMY CS,27,117464,5.9,12.0,4.0,10.7,33.3,75.5,2017-18
80,CHARTERS,7720,THE RED BANK CS,28,117464,9.0,12.0,6.4,10.7,53.6,75.5,2017-18
80,CHARTERS,7727,RIDGE AND VALLEY CS,17,117464,9.8,12.0,6.7,10.7,82.4,75.5,2017-18
80,CHARTERS,7730,ROBERT TREAT ACADEMY CS,46,117464,10.3,12.0,8.1,10.7,71.7,75.5,2017-18
80,CHARTERS,7735,MARIA L. VARISCO-ROGERS CS,54,117464,4.2,12.0,3.5,10.7,37.0,75.5,2017-18
80,CHARTERS,7830,SOARING HEIGHTS CS,13,117464,16.8,12.0,16.8,10.7,100.0,75.5,2017-18
80,CHARTERS,7850,SUSSEX COUNTY TECHNOLOGY CHARTER SCHOOL ,22,117464,8.0,12.0,4.8,10.7,45.5,75.5,2017-18
80,CHARTERS,7890,TEANECK COMMUNITY CS,27,117464,10.5,12.0,8.3,10.7,74.1,75.5,2017-18
80,CHARTERS,7891,COLLEGE ACHIEVE GREATER ASBURY PARK CHARTER SCHOOL,12,117464,6.6,12.0,0.0,10.7,0.0,75.5,2017-18
80,CHARTERS,7892,COLLEGE ACHIEVE PATERSON CHARTER SCHOOL,19,117464,4.1,12.0,0.0,10.7,0.0,75.5,2017-18
80,CHARTERS,7893,OCEAN ACADEMY CHARTER SCHOOL,9999999,117464,9999999.0,12.0,9999999.0,10.7,9999999.0,75.5,2017-18
80,CHARTERS,8010,UNION COUNTY TEAMS CS,20,117464,7.7,12.0,3.5,10.7,40.0,75.5,2017-18
80,CHARTERS,8050,UNITY CS,23,117464,6.8,12.0,3.2,10.7,26.1,75.5,2017-18
80,CHARTERS,8060,UNIVERSITY ACADEMY CS,41,117464,9.5,12.0,5.8,10.7,56.1,75.5,2017-18
80,CHARTERS,8065,UNIVERSITY HEIGHTS CS,67,117464,5.0,12.0,2.8,10.7,27.3,75.5,2017-18
80,CHARTERS,8140,VILLAGE CS,37,117464,9.2,12.0,2.8,10.7,24.3,75.5,2017-18
State,State,State,State,9999999,117464,9999999.0,12.0,9999999.0,10.7,9999999.0,75.5,2017-18
